{
"scenario_name": "busy kernel test",
"benchmark_name": "Busy Kernel",
"label": "busy kernel 256x10",
"max_resident_threads": 122880,
"data_size": 0,
"release_time": 0.000000,
"PID": 41784,
"TID": 41804,
"times": [{},
{"copy_in_times": [0.144971861,0.144971891], "execute_times": [0.144971911,6.056986389], "copy_out_times": [6.056986469,6.057006699], "cpu_times": [0.144971861,6.057006699]},
{"kernel_name": "busy Kernel", "block_count": 10, "thread_count": 1024, "shared_memory": 0, "cuda_launch_times": [0.144971961, 0.145108441, 6.056986289], "block_times": [0.145115747,6.056783254,0.145115747,6.039301205,0.145115747,6.050371872,0.145115747,6.052563272,0.145115747,6.046666972,0.145115747,6.056997274,0.145115747,6.039512153,0.145115747,6.050637093,0.145115747,6.052688203,0.145115747,6.046692573], "block_smids": [4,6,8,10,12,14,16,18,20,22], "cpu_core": 1}
]}