{
"scenario_name": "busy kernel test",
"benchmark_name": "Busy Kernel",
"label": "busy kernel 1024x10",
"max_resident_threads": 122880,
"data_size": 0,
"release_time": 0.000000,
"PID": 18498,
"TID": 18518,
"times": [{},
{"copy_in_times": [0.149952464,0.149952484], "execute_times": [0.149952504,0.242347709], "copy_out_times": [0.242347729,0.242356029], "cpu_times": [0.149952464,0.242356029]},
{"kernel_name": "busy Kernel", "block_count": 10, "thread_count": 1024, "shared_memory": 0, "cuda_launch_times": [0.149952564, 0.150098635, 0.242347669], "block_times": [0.150104675,0.242064180,0.150104675,0.234020463,0.150104675,0.235370128,0.150104675,0.240278280,0.150104675,0.231850553,0.150104675,0.242346811,0.150104675,0.234277493,0.150104675,0.235624086,0.150104675,0.240540431,0.150104675,0.232144449], "block_smids": [0,2,4,6,8,1,3,5,7,9], "cpu_core": 1}
]}