{
"scenario_name": "busy kernel test",
"benchmark_name": "Busy Kernel",
"label": "busy kernel 1024x10",
"max_resident_threads": 122880,
"data_size": 0,
"release_time": 0.000000,
"PID": 40760,
"TID": 40780,
"times": [{},
{"copy_in_times": [0.149821351,0.149821371], "execute_times": [0.149821391,3.652369449], "copy_out_times": [3.652369489,3.652391479], "cpu_times": [0.149821351,3.652391479]},
{"kernel_name": "busy Kernel", "block_count": 85, "thread_count": 1024, "shared_memory": 0, "cuda_launch_times": [0.149821451, 0.149947081, 3.652369359], "block_times": [0.149954399,0.230609276,0.149954399,0.230681982,0.230620541,0.310264711,0.230620541,0.310352776,0.310283143,0.389882256,0.310283143,0.389936529,0.389889424,0.470032292,0.389889424,0.470089637,0.468769675,0.549035425,0.468769675,0.549142947,0.549047714,0.629174197,0.549047714,0.629280695,0.628784045,0.708861376,0.628784045,0.708927937,0.708874688,0.789257176,0.708874688,0.789335002,0.788807632,0.869089766,0.788807632,0.869199336,0.869101030,0.949758980,0.869101030,0.949856262,0.948833266,1.029521936,0.948833266,1.029615122,1.029539345,1.110193198,1.029539345,1.110273072,1.110199342,1.190787659,1.110199342,1.190869580,1.190808139,1.271656556,1.190808139,1.271733358,1.271664748,1.352683153,1.271664748,1.352762003,1.352361611,1.433437361,1.352361611,1.433529522,1.433453745,1.514587864,1.433453745,1.514692314,1.514597080,1.595674878,1.514597080,1.598048556,1.595687166,1.677010729,1.595687166,1.677085482,1.677027113,1.758465366,1.677027113,1.758544215,1.758474582,1.840195464,1.758474582,1.840276362,1.839378296,1.921082794,1.839378296,1.921201581,1.921104299,2.002837469,1.921104299,2.002895838,2.002841565,2.084687378,2.002841565,2.084757011,2.084696594,2.166715466,2.084696594,2.166792268,2.166388804,2.248317562,2.166388804,2.248418940,2.248344187,2.330472629,2.248344187,2.330524854,2.330482869,2.412726002,2.330482869,2.412807923,2.412727026,2.495063344,2.412727026,2.495136049,2.495064368,2.577673076,2.495064368,2.577759093,2.576882532,2.659490216,2.576882532,2.659572137,2.659501480,2.742122476,2.659501480,2.742214637,2.742137836,2.824869426,2.742137836,2.824941107,2.824880690,2.907710586,2.824880690,2.907794556,2.907721850,2.990649028,2.907721850,2.990710469,2.990664388,3.073696016,2.990664388,3.073774865,3.073702160,3.156836190,3.073702160,3.156912991,3.156847454,3.240066477,3.156847454,3.240167855,3.240083886,3.323410431,3.240083886,3.323472896,3.323435008,3.406871123,3.323435008,3.406927444,3.406876243,3.490405545,3.406876243,3.490493610,3.490410665,3.574036224,3.490410665,3.574105857,3.574056704,3.652369649], "block_smids": [0,1,0,1,0,1,0,1,0,1,0,1,0,1,0,1,0,1,0,1,0,1,0,1,0,1,0,1,0,1,0,1,0,1,0,1,0,1,0,1,0,1,0,1,0,1,0,1,0,1,0,1,0,1,0,1,0,1,0,1,0,1,0,1,0,1,0,1,0,1,0,1,0,1,0,1,0,1,0,1,0,1,0,1,0], "cpu_core": 1}
]}