{
"scenario_name": "busy kernel test",
"benchmark_name": "Mask Change",
"label": "mask change 1024x10",
"max_resident_threads": 122880,
"data_size": 0,
"release_time": 0.000000,
"PID": 120140,
"TID": 120160,
"times": [{},
{"copy_in_times": [0.154981150,0.154981170], "execute_times": [0.154981190,0.317667129], "copy_out_times": [0.317667229,0.317687629], "cpu_times": [0.154981150,0.317687629]},
{"kernel_name": "changing mask", "block_count": 20, "thread_count": 1024, "shared_memory": 0, "cuda_launch_times": [-38284.822629103, -38284.822629103, 0.000000000], "block_times": [0.155128236,0.236018894,0.155128236,0.235968717,0.155128236,0.236113104,0.155128236,0.235968717,0.155128236,0.236094671,0.155128236,0.236261587,0.155128236,0.236218578,0.155128236,0.236365013,0.155128236,0.236216530,0.155128236,0.236340437,0.236375254,0.317232118,0.236375254,0.317216758,0.236375254,0.317389818,0.236375254,0.317216758,0.236375254,0.317359097,0.236375254,0.317467643,0.236375254,0.317443067,0.236375254,0.317620223,0.236375254,0.317470716,0.236375254,0.317600766], "block_smids": [0,2,4,6,8,1,3,5,7,9,10,12,14,16,18,11,13,15,17,19], "cpu_core": 8}
]}