{
"scenario_name": "changing mask test",
"benchmark_name": "Mask Change",
"label": "mask change 1024x10",
"max_resident_threads": 122880,
"data_size": 0,
"release_time": 0.000000,
"PID": 14975,
"TID": 14995,
"times": [{},
{"copy_in_times": [0.150466321,0.150466351], "execute_times": [0.150466371,0.313433848], "copy_out_times": [0.313433878,0.313454268], "cpu_times": [0.150466321,0.313454268]},
{"kernel_name": "changing mask", "block_count": 20, "thread_count": 1024, "shared_memory": 0, "cuda_launch_times": [-1811.844542925, -1811.844542925, 0.000000000], "block_times": [0.150671850,0.231450976,0.150671850,0.231358814,0.150671850,0.231667045,0.150671850,0.231345502,0.150671850,0.231565667,0.150671850,0.231696742,0.150671850,0.231607652,0.150671850,0.231915883,0.150671850,0.231602532,0.150671850,0.231798120,0.231939436,0.312945895,0.231939436,0.312843493,0.231939436,0.313175276,0.231939436,0.312843493,0.231939436,0.313036009,0.231939436,0.313194733,0.231939436,0.313065706,0.231939436,0.313392370,0.231939436,0.313081066,0.231939436,0.313284847], "block_smids": [0,2,4,6,8,1,3,5,7,9,10,12,14,16,18,11,13,15,17,19], "cpu_core": 8}
]}