{
"scenario_name": "busy kernel test",
"benchmark_name": "Busy Kernel",
"label": "busy kernel 1024x10",
"max_resident_threads": 122880,
"data_size": 0,
"release_time": 0.000000,
"PID": 18498,
"TID": 18519,
"times": [{},
{"copy_in_times": [0.149952524,0.149952554], "execute_times": [0.149952594,0.243707384], "copy_out_times": [0.243707474,0.243724804], "cpu_times": [0.149952524,0.243724804]},
{"kernel_name": "busy Kernel", "block_count": 10, "thread_count": 1024, "shared_memory": 0, "cuda_launch_times": [0.149952674, 0.150136255, 0.243707264], "block_times": [0.150137444,0.243421013,0.150137444,0.237382337,0.150137444,0.233896556,0.150137444,0.237621959,0.150137444,0.232443464,0.150137444,0.243674972,0.150137444,0.237636295,0.150137444,0.234100337,0.150137444,0.237854413,0.150137444,0.232692302], "block_smids": [10,12,14,16,18,11,13,15,17,19], "cpu_core": 0}
]}