{
"scenario_name": "busy kernel test",
"benchmark_name": "Busy Kernel",
"label": "busy kernel 1024x10",
"max_resident_threads": 122880,
"data_size": 0,
"release_time": 0.000000,
"PID": 18498,
"TID": 18520,
"times": [{},
{"copy_in_times": [0.149952444,0.149952494], "execute_times": [0.149952514,0.239846401], "copy_out_times": [0.239846491,0.239867691], "cpu_times": [0.149952444,0.239867691]},
{"kernel_name": "busy Kernel", "block_count": 10, "thread_count": 1024, "shared_memory": 0, "cuda_launch_times": [0.149952574, 0.150097985, 0.239846291], "block_times": [0.150104675,0.234457721,0.150104675,0.239577847,0.150104675,0.233162330,0.150104675,0.239119084,0.150104675,0.231824953,0.150104675,0.234697343,0.150104675,0.239820541,0.150104675,0.233422432,0.150104675,0.239345393,0.150104675,0.232128064], "block_smids": [20,22,24,26,28,21,23,25,27,29], "cpu_core": 4}
]}